Path,File,User time (seconds),System time (seconds),Percent of CPU this job got,Elapsed (wall clock) time (h:mm:ss or m:ss),Average shared text size (kbytes),Average unshared data size (kbytes),Average stack size (kbytes),Average total size (kbytes),Maximum resident set size (kbytes),Average resident set size (kbytes),Major (requiring I/O) page faults,Minor (reclaiming a frame) page faults,Voluntary context switches,Involuntary context switches,Swaps,File system inputs,File system outputs,Socket messages sent,Socket messages received,Signals delivered,Page size (bytes),Exit status
./build/a4atlas/src/apps/root2a4/message_factory.cpp.137.o.time,message_factory.cpp.137.o.time,11.40,0.24,99%,0:11.69,0,0,0,0,1766368,0,0,159961,13,368,0,96,82592,0,0,0,4096,0
./build/a4io/src/apps/a4dump.cpp.8.o.time,a4dump.cpp.8.o.time,8.12,0.22,97%,0:08.59,0,0,0,0,1562384,0,0,112473,9,640,0,40,26784,0,0,0,4096,0
./build/a4atlas/src/apps/root2a4/main.cpp.137.o.time,main.cpp.137.o.time,6.81,0.21,99%,0:07.07,0,0,0,0,1458800,0,0,105606,19,1673,0,272,18976,0,0,0,4096,0
./build/a4process/src/application.cpp.72.o.time,application.cpp.72.o.time,6.79,0.16,93%,0:07.44,0,0,0,0,1371840,0,0,100701,8,174,0,0,24832,0,0,0,4096,0
./build/a4root/src/apps/a42root/main.cpp.116.o.time,main.cpp.116.o.time,5.06,0.13,99%,0:05.22,0,0,0,0,1286512,0,0,91975,7,52,0,0,21688,0,0,0,4096,0
./build/a4io/src/input_stream_impl.cpp.4.o.time,input_stream_impl.cpp.4.o.time,5.87,0.16,89%,0:06.75,0,0,0,0,1276144,0,0,89868,7,562,0,0,15872,0,0,0,4096,0
./build/a4root/src/apps/a4results2root.cpp.117.o.time,a4results2root.cpp.117.o.time,4.43,0.15,96%,0:04.75,0,0,0,0,1157856,0,0,81637,61,481,0,1112,14424,0,0,0,4096,0
./build/a4atlas/src/apps/a4reweight.cpp.136.o.time,a4reweight.cpp.136.o.time,4.17,0.15,99%,0:04.33,0,0,0,0,1077136,0,0,76778,7,45,0,0,14728,0,0,0,4096,0
./build/a4io/src/input_stream.cpp.4.o.time,input_stream.cpp.4.o.time,4.14,0.13,87%,0:04.88,0,0,0,0,1074592,0,0,76200,7,3013,0,0,13688,0,0,0,4096,0
./build/a4io/src/output.cpp.4.o.time,output.cpp.4.o.time,4.23,0.12,92%,0:04.71,0,0,0,0,1060512,0,0,76094,7,516,0,0,13560,0,0,0,4096,0
./build/a4io/src/message.cpp.4.o.time,message.cpp.4.o.time,3.80,0.11,90%,0:04.30,0,0,0,0,1020896,0,0,72298,7,404,0,0,14648,0,0,0,4096,0
./build/a4io/src/dynamic_message.cpp.4.o.time,dynamic_message.cpp.4.o.time,3.15,0.10,98%,0:03.32,0,0,0,0,1005664,0,0,70490,7,70,0,0,14560,0,0,0,4096,0
./build/a4hist/src/apps/a4merge.cpp.98.o.time,a4merge.cpp.98.o.time,3.05,0.12,93%,0:03.40,0,0,0,0,963600,0,0,67824,7,3014,0,0,11128,0,0,0,4096,0
./build/a4io/src/input.cpp.4.o.time,input.cpp.4.o.time,3.18,0.09,88%,0:03.71,0,0,0,0,933600,0,0,65406,7,3047,0,0,9544,0,0,0,4096,0
./build/a4io/src/exceptions.cpp.4.o.time,exceptions.cpp.4.o.time,3.09,0.09,87%,0:03.63,0,0,0,0,931200,0,0,66437,7,66,0,0,9592,0,0,0,4096,0
./build/a4process/src/tests/app.cpp.76.o.time,app.cpp.76.o.time,3.29,0.11,89%,0:03.80,0,0,0,0,911824,0,0,65657,7,1074,0,0,13152,0,0,0,4096,0
./build/a4process/src/apps/a4copy.cpp.75.o.time,a4copy.cpp.75.o.time,2.48,0.12,99%,0:02.62,0,0,0,0,813216,0,0,57341,7,114,0,0,9104,0,0,0,4096,0
./build/a4store/src/hash_lookup.cpp.48.o.time,hash_lookup.cpp.48.o.time,2.51,0.11,97%,0:02.69,0,0,0,0,813072,0,0,56655,20,36,0,104,6456,0,0,0,4096,0
./build/a4io/src/output_stream.cpp.4.o.time,output_stream.cpp.4.o.time,2.73,0.08,92%,0:03.02,0,0,0,0,732816,0,0,52691,7,148,0,0,10304,0,0,0,4096,0
./build/a4store/src/tests/storable.cpp.58.o.time,storable.cpp.58.o.time,2.34,0.08,98%,0:02.45,0,0,0,0,700304,0,0,51936,8,360,0,0,11224,0,0,0,4096,0
./build/a4io/src/register.cpp.4.o.time,register.cpp.4.o.time,2.93,0.08,84%,0:03.57,0,0,0,0,681296,0,0,51294,7,947,0,0,11656,0,0,0,4096,0
./build/.conf_check_f2811835e289cdfa71b0de95103f863a/testbuild/test.cpp.1.o.time,test.cpp.1.o.time,0.85,0.04,99%,0:00.90,0,0,0,0,680112,0,0,46358,7,12,0,0,2704,0,0,0,4096,0
./build/a4atlas/src/a4/atlas/Event.pb.cc.133.o.time,Event.pb.cc.133.o.time,4.38,0.10,94%,0:04.72,0,0,0,0,679056,0,0,51743,7,274,0,0,9504,0,0,0,4096,0
./build/a4io/src/proto_class_pool.cpp.4.o.time,proto_class_pool.cpp.4.o.time,2.46,0.08,95%,0:02.67,0,0,0,0,665008,0,0,48041,7,70,0,0,8280,0,0,0,4096,0
./build/a4process/src/processor.cpp.72.o.time,processor.cpp.72.o.time,1.06,0.07,99%,0:01.14,0,0,0,0,647632,0,0,43691,7,55,0,0,2224,0,0,0,4096,0
./build/a4store/src/object_store.cpp.48.o.time,object_store.cpp.48.o.time,1.83,0.08,98%,0:01.94,0,0,0,0,643520,0,0,45380,7,95,0,0,6384,0,0,0,4096,0
./build/a4io/src/zero_copy_resource.cpp.4.o.time,zero_copy_resource.cpp.4.o.time,2.15,0.07,99%,0:02.25,0,0,0,0,604576,0,0,43246,7,87,0,0,6192,0,0,0,4096,0
./build/a4store/src/tests/objstore.cpp.56.o.time,objstore.cpp.56.o.time,2.19,0.06,99%,0:02.27,0,0,0,0,588960,0,0,44151,7,72,0,0,9112,0,0,0,4096,0
./build/a4hist/src/cutflow.cpp.94.o.time,cutflow.cpp.94.o.time,1.93,0.08,99%,0:02.02,0,0,0,0,563872,0,0,40986,7,80,0,0,6888,0,0,0,4096,0
./build/a4hist/src/histogram.cpp.94.o.time,histogram.cpp.94.o.time,1.65,0.08,93%,0:01.85,0,0,0,0,560432,0,0,39925,7,115,0,0,4512,0,0,0,4096,0
./build/a4store/src/tests/histo.cpp.55.o.time,histo.cpp.55.o.time,1.39,0.07,99%,0:01.47,0,0,0,0,534944,0,0,37784,7,62,0,0,4312,0,0,0,4096,0
./build/a4store/src/tests/objstore_speed.cpp.57.o.time,objstore_speed.cpp.57.o.time,1.52,0.06,98%,0:01.61,0,0,0,0,515904,0,0,37602,7,642,0,0,6064,0,0,0,4096,0
./build/a4hist/src/h3.cpp.94.o.time,h3.cpp.94.o.time,1.65,0.07,85%,0:02.02,0,0,0,0,508672,0,0,36878,7,7115,0,0,4904,0,0,0,4096,0
./build/a4hist/src/h2.cpp.94.o.time,h2.cpp.94.o.time,1.57,0.06,90%,0:01.81,0,0,0,0,499376,0,0,36084,7,306,0,0,4640,0,0,0,4096,0
./build/a4hist/src/h1.cpp.94.o.time,h1.cpp.94.o.time,1.49,0.08,83%,0:01.89,0,0,0,0,488784,0,0,35279,7,133,0,0,4328,0,0,0,4096,0
./build/a4store/src/tests/hashlookup.cpp.53.o.time,hashlookup.cpp.53.o.time,1.41,0.05,99%,0:01.47,0,0,0,0,462768,0,0,34522,6,28,0,0,6152,0,0,0,4096,0
./build/a4io/src/tests/bigwrite.cpp.9.o.time,bigwrite.cpp.9.o.time,0.87,0.06,78%,0:01.19,0,0,0,0,447904,0,0,31162,6,45,0,0,2112,0,0,0,4096,0
./build/a4io/src/tests/write_fw.cpp.15.o.time,write_fw.cpp.15.o.time,0.82,0.07,85%,0:01.05,0,0,0,0,433328,0,0,30124,7,2610,0,0,1760,0,0,0,4096,0
./build/a4io/src/tests/write_bw.cpp.14.o.time,write_bw.cpp.14.o.time,0.80,0.05,83%,0:01.02,0,0,0,0,432992,0,0,30100,7,1696,0,0,1752,0,0,0,4096,0
./build/a4io/src/tests/write_nomd_fw.cpp.17.o.time,write_nomd_fw.cpp.17.o.time,0.86,0.04,91%,0:00.98,0,0,0,0,432752,0,0,30085,7,847,0,0,1744,0,0,0,4096,0
./build/a4io/src/tests/write_nomd_bw.cpp.16.o.time,write_nomd_bw.cpp.16.o.time,0.85,0.04,91%,0:00.97,0,0,0,0,432576,0,0,30074,7,241,0,0,1744,0,0,0,4096,0
./build/a4store/src/tests/hashlookup_speed.cpp.54.o.time,hashlookup_speed.cpp.54.o.time,1.37,0.04,98%,0:01.44,0,0,0,0,427984,0,0,31324,7,1001,0,0,4416,0,0,0,4096,0
./build/a4atlas/src/a4/atlas/EventMetaData.pb.cc.133.o.time,EventMetaData.pb.cc.133.o.time,1.73,0.06,87%,0:02.05,0,0,0,0,426416,0,0,31520,7,216,0,0,4856,0,0,0,4096,0
./build/a4hist/src/axis.cpp.94.o.time,axis.cpp.94.o.time,0.97,0.05,91%,0:01.13,0,0,0,0,423872,0,0,30165,7,103,0,0,2560,0,0,0,4096,0
./build/a4atlas/src/a4/atlas/Electron.pb.cc.133.o.time,Electron.pb.cc.133.o.time,1.41,0.05,89%,0:01.64,0,0,0,0,423040,0,0,30698,7,58,0,0,3416,0,0,0,4096,0
./build/a4io/src/tests/read.cpp.10.o.time,read.cpp.10.o.time,0.84,0.05,85%,0:01.04,0,0,0,0,421376,0,0,29384,7,270,0,0,1424,0,0,0,4096,0
./build/a4atlas/src/a4/atlas/Muon.pb.cc.133.o.time,Muon.pb.cc.133.o.time,1.48,0.06,91%,0:01.69,0,0,0,0,419408,0,0,30680,7,117,0,0,3456,0,0,0,4096,0
./build/a4io/src/tests/read_nomd.cpp.11.o.time,read_nomd.cpp.11.o.time,0.79,0.04,89%,0:00.94,0,0,0,0,416464,0,0,29028,7,1570,0,0,1328,0,0,0,4096,0
./build/a4atlas/src/grl.cpp.132.o.time,grl.cpp.132.o.time,1.09,0.06,84%,0:01.37,0,0,0,0,412896,0,0,29416,7,1217,0,0,2864,0,0,0,4096,0
./build/a4hist/src/a4/hist/Histograms.pb.cc.95.o.time,Histograms.pb.cc.95.o.time,1.69,0.04,95%,0:01.81,0,0,0,0,412320,0,0,30685,7,88,0,0,4504,0,0,0,4096,0
./build/a4atlas/src/a4/atlas/TrackHits.pb.cc.133.o.time,TrackHits.pb.cc.133.o.time,1.41,0.05,93%,0:01.56,0,0,0,0,403184,0,0,29772,7,61,0,0,4056,0,0,0,4096,0
./build/a4io/src/remote_io.cpp.4.o.time,remote_io.cpp.4.o.time,1.20,0.05,97%,0:01.29,0,0,0,0,399136,0,0,29051,7,141,0,0,3352,0,0,0,4096,0
./build/a4atlas/src/a4/atlas/Jet.pb.cc.133.o.time,Jet.pb.cc.133.o.time,1.26,0.06,90%,0:01.45,0,0,0,0,392624,0,0,28749,7,369,0,0,3104,0,0,0,4096,0
./build/a4atlas/src/a4/atlas/Trigger.pb.cc.133.o.time,Trigger.pb.cc.133.o.time,1.39,0.05,99%,0:01.45,0,0,0,0,388624,0,0,28680,7,44,0,0,3880,0,0,0,4096,0
./build/a4io/src/linkage_check.cpp.4.o.time,linkage_check.cpp.4.o.time,1.01,0.04,99%,0:01.06,0,0,0,0,383632,0,0,27843,7,155,0,0,2696,0,0,0,4096,0
./build/a4root/src/a4/root/test/Event.pb.cc.113.o.time,Event.pb.cc.113.o.time,1.36,0.04,99%,0:01.42,0,0,0,0,382288,0,0,28019,7,131,0,0,3640,0,0,0,4096,0
./build/a4io/src/a4/io/Tests.pb.cc.5.o.time,Tests.pb.cc.5.o.time,1.36,0.05,82%,0:01.72,0,0,0,0,378960,0,0,28094,7,5749,0,0,4384,0,0,0,4096,0
./build/a4atlas/src/a4/atlas/Physics.pb.cc.133.o.time,Physics.pb.cc.133.o.time,1.31,0.04,93%,0:01.46,0,0,0,0,377392,0,0,27612,7,234,0,0,3520,0,0,0,4096,0
./build/a4io/src/a4/io/A4Stream.pb.cc.5.o.time,A4Stream.pb.cc.5.o.time,1.38,0.05,86%,0:01.66,0,0,0,0,373632,0,0,27774,7,42,0,0,4072,0,0,0,4096,0
./build/a4io/src/compressed_stream.cpp.4.o.time,compressed_stream.cpp.4.o.time,0.60,0.02,99%,0:00.63,0,0,0,0,370992,0,0,26786,7,18,0,0,2400,0,0,0,4096,0
./build/a4atlas/src/a4/atlas/Photon.pb.cc.133.o.time,Photon.pb.cc.133.o.time,1.07,0.04,98%,0:01.14,0,0,0,0,369552,0,0,26755,7,16,0,0,2608,0,0,0,4096,0
./build/a4store/src/storable.cpp.48.o.time,storable.cpp.48.o.time,0.69,0.05,95%,0:00.78,0,0,0,0,356096,0,0,25057,7,92,0,0,1376,0,0,0,4096,0
./build/a4atlas/src/a4/atlas/ShowerShape.pb.cc.133.o.time,ShowerShape.pb.cc.133.o.time,0.90,0.03,91%,0:01.02,0,0,0,0,348848,0,0,25263,7,2784,0,0,2360,0,0,0,4096,0
./build/a4atlas/src/a4/atlas/EventStreamInfo.pb.cc.133.o.time,EventStreamInfo.pb.cc.133.o.time,0.99,0.04,79%,0:01.31,0,0,0,0,347792,0,0,25263,7,137,0,0,2696,0,0,0,4096,0
./build/a4atlas/src/a4/atlas/Isolation.pb.cc.133.o.time,Isolation.pb.cc.133.o.time,0.94,0.04,87%,0:01.14,0,0,0,0,345056,0,0,25002,7,1126,0,0,2488,0,0,0,4096,0
./build/a4hist/src/a4/hist/Cutflow.pb.cc.95.o.time,Cutflow.pb.cc.95.o.time,0.88,0.05,92%,0:01.02,0,0,0,0,336928,0,0,24518,7,2090,0,0,2448,0,0,0,4096,0
./build/a4store/src/a4/store/A4Key.pb.cc.49.o.time,A4Key.pb.cc.49.o.time,0.88,0.04,98%,0:00.93,0,0,0,0,334112,0,0,24316,7,155,0,0,2496,0,0,0,4096,0
./build/a4io/src/debug.cpp.4.o.time,debug.cpp.4.o.time,0.34,0.02,98%,0:00.37,0,0,0,0,321264,0,0,22708,7,13,0,0,720,0,0,0,4096,0
./build/a4atlas/src/a4/atlas/DataQuality.pb.cc.133.o.time,DataQuality.pb.cc.133.o.time,0.68,0.04,90%,0:00.80,0,0,0,0,311392,0,0,22451,7,114,0,0,1696,0,0,0,4096,0
./build/a4root/src/a4/root/RootExtension.pb.cc.113.o.time,RootExtension.pb.cc.113.o.time,0.55,0.04,98%,0:00.61,0,0,0,0,296544,0,0,21373,7,21,0,0,1672,0,0,0,4096,0
./build/a4io/src/a4/io/A4.pb.cc.5.o.time,A4.pb.cc.5.o.time,0.55,0.03,92%,0:00.63,0,0,0,0,295808,0,0,21354,7,79,0,0,1712,0,0,0,4096,0
./build/a4atlas/root2a4.time,root2a4.time,0.18,0.02,98%,0:00.20,0,0,0,0,201728,0,0,18631,7,11,0,0,16296,0,0,0,4096,0
./build/a4atlas/liba4atlas.so.time,liba4atlas.so.time,0.25,0.02,98%,0:00.28,0,0,0,0,163520,0,0,12187,17,11,0,0,7256,0,0,0,4096,0
./build/a4hist/liba4hist.so.time,liba4hist.so.time,0.26,0.01,98%,0:00.28,0,0,0,0,156992,0,0,11475,7,13,0,0,5072,0,0,0,4096,0
./build/a4process/liba4process.so.time,liba4process.so.time,0.32,0.02,98%,0:00.34,0,0,0,0,151760,0,0,11367,7,10,0,0,4784,0,0,0,4096,0
./build/a4atlas/a4reweight.time,a4reweight.time,0.12,0.02,97%,0:00.15,0,0,0,0,150912,0,0,12319,7,11,0,0,2560,0,0,0,4096,0
./build/a4root/a42root.time,a42root.time,0.13,0.01,98%,0:00.15,0,0,0,0,150384,0,0,12526,7,10,0,0,3976,0,0,0,4096,0
./build/.conf_check_8231ca97b3ed0cf029b4cc337bc60cf8/testbuild/test.cpp.1.o.time,test.cpp.1.o.time,0.13,0.01,97%,0:00.14,0,0,0,0,148576,0,0,11779,7,7,0,0,664,0,0,0,4096,0
./build/a4root/a4results2root.time,a4results2root.time,0.17,0.03,98%,0:00.20,0,0,0,0,148032,0,0,12159,13,14,0,0,2552,0,0,0,4096,0
./build/a4process/tests/app.time,app.time,0.25,0.03,98%,0:00.29,0,0,0,0,145744,0,0,11938,7,10,0,0,2208,0,0,0,4096,0
./build/a4store/liba4store.so.time,liba4store.so.time,0.19,0.02,85%,0:00.24,0,0,0,0,144752,0,0,10720,127,88,0,12952,2784,0,0,0,4096,0
./build/a4hist/a4merge.time,a4merge.time,0.20,0.01,97%,0:00.22,0,0,0,0,144560,0,0,11747,6,13,0,0,1952,0,0,0,4096,0
./build/a4io/liba4io.so.time,liba4io.so.time,0.24,0.03,80%,0:00.35,0,0,0,0,144080,0,0,11545,18,48,0,112,21712,0,0,0,4096,0
./build/a4store/tests/storable.time,storable.time,0.30,0.02,96%,0:00.34,0,0,0,0,144080,0,0,11753,7,58,0,0,1864,0,0,0,4096,0
./build/a4process/a4copy.time,a4copy.time,0.25,0.02,97%,0:00.29,0,0,0,0,143296,0,0,11687,7,51,0,0,1624,0,0,0,4096,0
./build/a4store/tests/objstore.time,objstore.time,0.30,0.02,98%,0:00.33,0,0,0,0,142464,0,0,11536,10,10,0,112,1488,0,0,0,4096,0
./build/a4io/src/string.cpp.4.o.time,string.cpp.4.o.time,0.22,0.01,65%,0:00.37,0,0,0,0,142112,0,0,11247,6,17,0,0,312,0,0,0,4096,0
./build/a4store/tests/hashlookup.time,hashlookup.time,0.31,0.03,98%,0:00.35,0,0,0,0,140960,0,0,11438,7,8,0,0,984,0,0,0,4096,0
./build/a4store/tests/objstore_speed.time,objstore_speed.time,0.32,0.02,96%,0:00.36,0,0,0,0,140816,0,0,11506,7,39,0,0,1024,0,0,0,4096,0
./build/a4root/liba4root.so.time,liba4root.so.time,0.20,0.01,97%,0:00.22,0,0,0,0,140624,0,0,10161,7,16,0,0,912,0,0,0,4096,0
./build/a4store/tests/hashlookup_speed.time,hashlookup_speed.time,0.30,0.02,98%,0:00.34,0,0,0,0,139808,0,0,11381,7,38,0,0,728,0,0,0,4096,0
./build/a4store/tests/histo.time,histo.time,0.31,0.02,97%,0:00.35,0,0,0,0,139376,0,0,11345,7,55,0,0,776,0,0,0,4096,0
./build/a4store/a4store_standalone_test.time,a4store_standalone_test.time,0.29,0.01,97%,0:00.32,0,0,0,0,137392,0,0,11042,7,19,0,0,80,0,0,0,4096,0
./build/a4store/src/apps/a4store_standalone_test.cpp.52.o.time,a4store_standalone_test.cpp.52.o.time,0.21,0.01,88%,0:00.26,0,0,0,0,136240,0,0,10891,7,20,0,0,328,0,0,0,4096,0
./build/a4io/src/gzip_stream.cpp.4.o.time,gzip_stream.cpp.4.o.time,0.19,0.01,98%,0:00.20,0,0,0,0,126592,0,0,10503,7,82,0,0,632,0,0,0,4096,0
./build/a4io/a4dump.time,a4dump.time,0.10,0.01,93%,0:00.13,0,0,0,0,73040,0,0,6492,7,223,0,0,4864,0,0,0,4096,0
./build/.conf_check_48db08b50d45dc3c739943cfd78feae6/testbuild/test.cpp.1.o.time,test.cpp.1.o.time,0.05,0.00,95%,0:00.06,0,0,0,0,72608,0,0,7117,7,4,0,0,480,0,0,0,4096,0
./build/a4io/src/lz4.cpp.4.o.time,lz4.cpp.4.o.time,0.18,0.00,90%,0:00.21,0,0,0,0,67520,0,0,6783,7,20,0,0,272,0,0,0,4096,0
./build/a4io/tests/bigwrite.time,bigwrite.time,0.08,0.00,93%,0:00.09,0,0,0,0,58128,0,0,4829,8,7,0,0,424,0,0,0,4096,0
./build/a4io/tests/read.time,read.time,0.07,0.00,91%,0:00.08,0,0,0,0,58064,0,0,4791,7,7,0,0,264,0,0,0,4096,0
./build/a4io/tests/write_nomd_bw.time,write_nomd_bw.time,0.06,0.00,86%,0:00.08,0,0,0,0,58032,0,0,4810,7,10,0,0,344,0,0,0,4096,0
./build/a4io/tests/write_nomd_fw.time,write_nomd_fw.time,0.06,0.00,91%,0:00.07,0,0,0,0,58032,0,0,4807,7,18,0,0,344,0,0,0,4096,0
./build/a4io/tests/write_fw.time,write_fw.time,0.07,0.00,96%,0:00.08,0,0,0,0,58032,0,0,4811,7,12,0,0,352,0,0,0,4096,0
./build/a4io/tests/write_bw.time,write_bw.time,0.07,0.00,90%,0:00.08,0,0,0,0,58016,0,0,4810,7,6,0,0,344,0,0,0,4096,0
./build/a4io/tests/read_nomd.time,read_nomd.time,0.07,0.00,95%,0:00.08,0,0,0,0,57984,0,0,4788,7,14,0,0,248,0,0,0,4096,0
./build/.conf_check_8713da6b5fa36486e44d1f173cc05cc2/testbuild/test.cpp.1.o.time,test.cpp.1.o.time,0.02,0.00,89%,0:00.02,0,0,0,0,48576,0,0,5452,7,4,0,0,512,0,0,0,4096,0
./build/.conf_check_f2811835e289cdfa71b0de95103f863a/testbuild/testprog.time,testprog.time,0.01,0.00,87%,0:00.02,0,0,0,0,47216,0,0,4085,7,4,0,0,528,0,0,0,4096,0
./build/.conf_check_8231ca97b3ed0cf029b4cc337bc60cf8/testbuild/testprog.time,testprog.time,0.01,0.00,85%,0:00.02,0,0,0,0,44384,0,0,3869,7,4,0,0,128,0,0,0,4096,0
./build/.conf_check_753ab6dd032aa5dd197f9d661a5f8fd2/testbuild/testprog.time,testprog.time,0.01,0.00,77%,0:00.01,0,0,0,0,40944,0,0,3531,7,4,0,0,24,0,0,0,4096,0
./build/.conf_check_381cf42f6fd4452c31865cc181a1383c/testbuild/testprog.time,testprog.time,0.01,0.00,83%,0:00.01,0,0,0,0,40944,0,0,3496,7,4,0,0,16,0,0,0,4096,0
./build/.conf_check_48db08b50d45dc3c739943cfd78feae6/testbuild/testprog.time,testprog.time,0.01,0.00,88%,0:00.01,0,0,0,0,40592,0,0,3505,7,4,0,0,96,0,0,0,4096,0
./build/.conf_check_ab6e83bb2248e341051f0104d1730ffd/testbuild/testprog.time,testprog.time,0.01,0.00,77%,0:00.01,0,0,0,0,40480,0,0,3551,7,4,0,0,24,0,0,0,4096,0
./build/.conf_check_b3f4db8db90ccc5b5a1ad96fd7860068/testbuild/testprog.time,testprog.time,0.01,0.00,77%,0:00.01,0,0,0,0,40464,0,0,3489,7,5,0,0,24,0,0,0,4096,0
./build/.conf_check_bab8a20bc5a5b3fc98960fa29457c5dc/testbuild/testprog.time,testprog.time,0.01,0.00,83%,0:00.01,0,0,0,0,40400,0,0,3479,7,4,0,0,24,0,0,0,4096,0
./build/.conf_check_8538380c49e8a91acd3088d0fcf90b59/testbuild/testprog.time,testprog.time,0.01,0.00,77%,0:00.01,0,0,0,0,40336,0,0,3476,7,4,0,0,24,0,0,0,4096,0
./build/.conf_check_8713da6b5fa36486e44d1f173cc05cc2/testbuild/testprog.time,testprog.time,0.01,0.00,77%,0:00.01,0,0,0,0,40224,0,0,3485,7,4,0,0,112,0,0,0,4096,0
./build/.conf_check_ecab2a157cdd01c1ab5f9a3d895aebaf/testbuild/testprog.time,testprog.time,0.01,0.00,82%,0:00.01,0,0,0,0,40064,0,0,3454,7,4,0,0,24,0,0,0,4096,0
./build/.conf_check_a399b3c3d1fabc222454ec1624d4572d/testbuild/testprog.time,testprog.time,0.01,0.00,77%,0:00.01,0,0,0,0,40064,0,0,3453,7,4,0,0,24,0,0,0,4096,0
./build/.conf_check_7b8e4ffdfa520446ab8e8b27415b8d24/testbuild/testprog.time,testprog.time,0.01,0.00,77%,0:00.01,0,0,0,0,40064,0,0,3454,7,4,0,0,24,0,0,0,4096,0
./build/.conf_check_d45abbb6ae9bd352d7a5d35dff1e66d1/testbuild/testprog.time,testprog.time,0.00,0.00,82%,0:00.01,0,0,0,0,40032,0,0,3418,7,4,0,0,16,0,0,0,4096,0
./build/.conf_check_b3f4db8db90ccc5b5a1ad96fd7860068/testbuild/test.cpp.1.o.time,test.cpp.1.o.time,0.00,0.00,83%,0:00.01,0,0,0,0,34304,0,0,4431,7,4,0,0,16,0,0,0,4096,0
./build/.conf_check_ecab2a157cdd01c1ab5f9a3d895aebaf/testbuild/test.cpp.1.o.time,test.cpp.1.o.time,0.00,0.00,62%,0:00.00,0,0,0,0,31664,0,0,4269,7,4,0,0,24,0,0,0,4096,0
./build/.conf_check_7b8e4ffdfa520446ab8e8b27415b8d24/testbuild/test.cpp.1.o.time,test.cpp.1.o.time,0.00,0.00,71%,0:00.00,0,0,0,0,29824,0,0,4151,7,4,0,0,24,0,0,0,4096,0
./build/.conf_check_381cf42f6fd4452c31865cc181a1383c/testbuild/test.cpp.1.o.time,test.cpp.1.o.time,0.00,0.00,57%,0:00.00,0,0,0,0,29616,0,0,4121,7,4,0,0,16,0,0,0,4096,0
./build/.conf_check_bab8a20bc5a5b3fc98960fa29457c5dc/testbuild/test.cpp.1.o.time,test.cpp.1.o.time,0.00,0.00,71%,0:00.00,0,0,0,0,29184,0,0,4113,7,4,0,0,16,0,0,0,4096,0
./build/.conf_check_a399b3c3d1fabc222454ec1624d4572d/testbuild/test.cpp.1.o.time,test.cpp.1.o.time,0.00,0.00,71%,0:00.00,0,0,0,0,29168,0,0,4110,7,4,0,0,16,0,0,0,4096,0
./build/.conf_check_753ab6dd032aa5dd197f9d661a5f8fd2/testbuild/test.cpp.1.o.time,test.cpp.1.o.time,0.00,0.00,71%,0:00.00,0,0,0,0,29168,0,0,4110,7,4,0,0,16,0,0,0,4096,0
./build/.conf_check_8538380c49e8a91acd3088d0fcf90b59/testbuild/test.cpp.1.o.time,test.cpp.1.o.time,0.00,0.00,71%,0:00.00,0,0,0,0,29168,0,0,4112,7,4,0,0,16,0,0,0,4096,0
./build/.conf_check_ab6e83bb2248e341051f0104d1730ffd/testbuild/test.cpp.1.o.time,test.cpp.1.o.time,0.00,0.00,71%,0:00.00,0,0,0,0,29152,0,0,4108,7,4,0,0,16,0,0,0,4096,0
./build/.conf_check_d45abbb6ae9bd352d7a5d35dff1e66d1/testbuild/test.cpp.1.o.time,test.cpp.1.o.time,0.00,0.00,71%,0:00.00,0,0,0,0,28352,0,0,4040,7,4,0,0,16,0,0,0,4096,0
./build/a4process/src/tube.cpp.72.o.time,tube.cpp.72.o.time,0.00,0.00,70%,0:00.01,0,0,0,0,26256,0,0,3642,7,307,0,0,16,0,0,0,4096,0
./build/.conf_check_da152905bd8625bc8c43cb1be7970373/testbuild/test.cpp.1.o.time,test.cpp.1.o.time,0.00,0.00,25%,0:00.00,0,0,0,0,24272,0,0,2053,4,3,0,0,8,0,0,0,4096,1
